วันที่วิเคราะห์,ประเภทสัตว์,สายพันธุ์,อายุ,น้ำหนัก,ปัญหาสุขภาพ,ระดับกิจกรรม,งบประมาณ,อาหารที่แนะนำ
07/09/2026 19:24:47,Dog,Golden Retriever,6.0,32.0,Joint Problem,Medium,200.0
07/09/2026 19:35:07,Dog,Golden Retriever,6.0,32.0,Joint Problem,Medium,200.0
07/09/2026 19:37:22,Dog,Golden Retriever,6.0,32.0,Joint Problem,Medium,200.0
07/09/2026 19:39:58,Dog,Golden Retriever,7.0,35.0,Joint Problem,Medium,200.0
07/09/2026 20:04:00,Dog,Golden Retriever,6.0,32.0,Joint Problem,Medium,200.0
07/09/2026 22:15:05,Dog,Golden Retriever,6.0,32.0,Joint Problem,Medium,200.0
07/09/2026 22:16:03,Dog,Golden Retriever,6.0,32.0,Joint Problem,Medium,200.0
07/09/2026 22:27:52,Dog,Golden Retriever,6.0,32.0,Joint Problem,Medium,200.0
07/09/2026 22:32:50,Dog,Golden Retriever,6.0,32.0,Joint Problem,Medium,200.0,Buzz - Nature Gold Joint; SmartHeart - Joint Care Dog; Maxima - Dog Joint Care
